,branch_1,branch_2,branch_3,branch_4
0,1.1045429706573486,0.9759058356285095,0.7156590819358826,1.351485252380371
