,branch_1,branch_2,branch_3,branch_4
0,1.1855255365371704,0.9499593377113342,0.7175122499465942,1.3799493312835693
