,branch_1,branch_2,branch_3,branch_4
0,1.0827947854995728,0.9801463484764099,0.7521306872367859,1.3677480220794678
