,branch_1,branch_2,branch_3,branch_4
0,1.2679497003555298,0.9083033204078674,0.6282054781913757,0.98936927318573
