,branch_1,branch_2,branch_3,branch_4
0,1.1354362964630127,0.9762627482414246,0.7109696269035339,1.3733093738555908
