,acc_branch_1,acc_branch_2,acc_branch_3,acc_branch_4,avg_acc,distortion_lvl,edge_exit_rate_branch_1,edge_exit_rate_branch_2,edge_exit_rate_branch_3,nr_exit_branch_1,nr_exit_branch_2,nr_exit_branch_3,nr_exit_branch_4,nr_exit_with_repo_branch_1,nr_exit_with_repo_branch_2,nr_exit_with_repo_branch_3,nr_exit_with_repo_branch_4,p_tar
0,0.0,86.75862068965517,88.26955074875208,67.96805678793257,80.36649214659685,0.0,0.06544502617801047,23.789267015706805,63.1217277486911,0.06544502617801047,23.739358218729535,51.61013310433663,100.0,0.06544502617801047,23.723821989528794,61.289267015706805,100.0,0.7
1,0.0,89.74763406940063,89.6611642050391,69.05511811023622,81.08638743455498,0.0,0.032722513089005235,20.778795811518325,58.44240837696335,0.032722513089005235,20.752864157119475,47.542337876910366,100.0,0.032722513089005235,20.74607329842932,57.06806282722513,100.0,0.75
2,0.0,91.47424511545293,90.82568807339449,70.25677603423681,81.47905759162303,0.0,0.032722513089005235,18.455497382198953,54.12303664921466,0.032722513089005235,18.428805237315878,43.73996789727127,100.0,0.032722513089005235,18.422774869109947,53.20680628272252,100.0,0.8
3,0.0,93.22033898305084,92.33791748526524,72.01277955271566,82.03534031413614,0.0,0.032722513089005235,15.477748691099476,48.789267015706805,0.032722513089005235,15.450081833060555,39.411536972512586,100.0,0.032722513089005235,15.44502617801047,48.06937172774869,100.0,0.85
4,,95.46666666666667,93.37539432176656,73.52601156069363,82.39528795811518,0.0,0.0,12.270942408376962,43.390052356020945,0.0,12.270942408376962,35.47183886609474,100.0,0.0,12.270942408376962,42.96465968586388,100.0,0.9
